operator-controller-controller-manager-884c87c46-8lcn7,manager,903256n,16064Ki
operator-controller-controller-manager-884c87c46-8lcn7,manager,903256n,16064Ki
operator-controller-controller-manager-884c87c46-8lcn7,manager,903256n,16064Ki
operator-controller-controller-manager-884c87c46-8lcn7,manager,833913n,16064Ki
operator-controller-controller-manager-884c87c46-8lcn7,manager,833913n,16064Ki
operator-controller-controller-manager-884c87c46-8lcn7,manager,833913n,16064Ki
operator-controller-controller-manager-884c87c46-8lcn7,manager,853767n,16064Ki
operator-controller-controller-manager-884c87c46-8lcn7,manager,853767n,16064Ki
operator-controller-controller-manager-884c87c46-8lcn7,manager,853767n,16064Ki
operator-controller-controller-manager-884c87c46-8lcn7,manager,866474n,16064Ki
operator-controller-controller-manager-884c87c46-8lcn7,manager,866474n,16064Ki
operator-controller-controller-manager-884c87c46-8lcn7,manager,866474n,16064Ki
operator-controller-controller-manager-884c87c46-8lcn7,manager,866474n,16064Ki
operator-controller-controller-manager-884c87c46-8lcn7,manager,866474n,16064Ki
operator-controller-controller-manager-884c87c46-8lcn7,manager,866474n,16064Ki
operator-controller-controller-manager-884c87c46-8lcn7,manager,867373n,16064Ki
operator-controller-controller-manager-884c87c46-8lcn7,manager,867373n,16064Ki
operator-controller-controller-manager-884c87c46-8lcn7,manager,867373n,16064Ki
operator-controller-controller-manager-884c87c46-8lcn7,manager,885115n,16068Ki
operator-controller-controller-manager-884c87c46-8lcn7,manager,885115n,16068Ki
operator-controller-controller-manager-884c87c46-8lcn7,manager,885115n,16068Ki
operator-controller-controller-manager-884c87c46-8lcn7,manager,1308869n,16068Ki
operator-controller-controller-manager-884c87c46-8lcn7,manager,1308869n,16068Ki
operator-controller-controller-manager-884c87c46-8lcn7,manager,1308869n,16068Ki
